{
  "project_info": {
    "project_number": "661191498857",
    "project_id": "marworx-app",
    "storage_bucket": "marworx-app.appspot.com"
  },
  "client": [
    {
      "client_info": {
        "mobilesdk_app_id": "1:661191498857:android:e2f847953ed2ca76af56f8",
        "android_client_info": {
          "package_name": "com.example.akjobportal"
        }
      },
      "oauth_client": [],
      "api_key": [
        {
          "current_key": "AIzaSyA_BhABxxoxTD5xpklPBlv8d5pFgm6LpmE"
        }
      ],
      "services": {
        "appinvite_service": {
          "other_platform_oauth_client": []
        }
      }
    }
  ],
  "configuration_version": "1"
}